394	2026-05-03T21:59:34+02:00
394	2026-05-03T21:59:03+02:00
399	2026-05-03T21:58:32+02:00
399	2026-05-03T21:58:02+02:00
396	2026-05-03T21:57:31+02:00
396	2026-05-03T21:57:00+02:00
396	2026-05-03T21:56:30+02:00
397	2026-05-03T21:55:59+02:00
397	2026-05-03T21:55:29+02:00
398	2026-05-03T21:54:58+02:00
398	2026-05-03T21:54:27+02:00
408	2026-05-03T21:53:57+02:00
408	2026-05-03T21:53:26+02:00
410	2026-05-03T21:52:55+02:00
410	2026-05-03T21:52:24+02:00
409	2026-05-03T21:51:54+02:00
409	2026-05-03T21:51:23+02:00
412	2026-05-03T21:50:52+02:00
412	2026-05-03T21:50:22+02:00
408	2026-05-03T21:49:51+02:00
408	2026-05-03T21:49:21+02:00
407	2026-05-03T21:48:50+02:00
407	2026-05-03T21:48:19+02:00
410	2026-05-03T21:47:49+02:00
410	2026-05-03T21:47:18+02:00
414	2026-05-03T21:46:47+02:00
414	2026-05-03T21:46:17+02:00
410	2026-05-03T21:45:46+02:00
410	2026-05-03T21:45:15+02:00
408	2026-05-03T21:44:45+02:00
408	2026-05-03T21:44:14+02:00
404	2026-05-03T21:43:43+02:00
404	2026-05-03T21:43:13+02:00
409	2026-05-03T21:42:42+02:00
409	2026-05-03T21:42:11+02:00
408	2026-05-03T21:41:41+02:00
408	2026-05-03T21:41:10+02:00
406	2026-05-03T21:40:39+02:00
406	2026-05-03T21:40:09+02:00
407	2026-05-03T21:39:38+02:00
407	2026-05-03T21:39:07+02:00
399	2026-05-03T21:38:37+02:00
399	2026-05-03T21:38:06+02:00
405	2026-05-03T21:37:35+02:00
405	2026-05-03T21:37:05+02:00
414	2026-05-03T21:36:34+02:00
414	2026-05-03T21:36:03+02:00
416	2026-05-03T21:35:33+02:00
416	2026-05-03T21:35:02+02:00
419	2026-05-03T21:34:31+02:00
419	2026-05-03T21:34:01+02:00
419	2026-05-03T21:33:30+02:00
419	2026-05-03T21:32:59+02:00
423	2026-05-03T21:32:29+02:00
423	2026-05-03T21:31:58+02:00
422	2026-05-03T21:31:27+02:00
422	2026-05-03T21:30:57+02:00
422	2026-05-03T21:30:26+02:00
422	2026-05-03T21:29:55+02:00
420	2026-05-03T21:29:25+02:00
422	2026-05-03T21:28:54+02:00
422	2026-05-03T21:28:24+02:00
423	2026-05-03T21:27:53+02:00
423	2026-05-03T21:27:22+02:00
422	2026-05-03T21:26:52+02:00
422	2026-05-03T21:26:21+02:00
422	2026-05-03T21:25:50+02:00
422	2026-05-03T21:25:20+02:00
427	2026-05-03T21:24:49+02:00
427	2026-05-03T21:24:18+02:00
428	2026-05-03T21:23:48+02:00
428	2026-05-03T21:23:17+02:00
428	2026-05-03T21:22:46+02:00
428	2026-05-03T21:22:16+02:00
423	2026-05-03T21:21:45+02:00
423	2026-05-03T21:21:14+02:00
418	2026-05-03T21:20:44+02:00
418	2026-05-03T21:20:13+02:00
417	2026-05-03T21:19:42+02:00
417	2026-05-03T21:19:12+02:00
418	2026-05-03T21:18:41+02:00
418	2026-05-03T21:18:10+02:00
420	2026-05-03T21:17:40+02:00
420	2026-05-03T21:17:09+02:00
417	2026-05-03T21:16:38+02:00
417	2026-05-03T21:16:08+02:00
417	2026-05-03T21:15:37+02:00
417	2026-05-03T21:15:07+02:00
415	2026-05-03T21:14:36+02:00
415	2026-05-03T21:14:05+02:00
412	2026-05-03T21:13:35+02:00
412	2026-05-03T21:13:04+02:00
415	2026-05-03T21:12:33+02:00
415	2026-05-03T21:12:03+02:00
415	2026-05-03T21:11:32+02:00
415	2026-05-03T21:11:01+02:00
415	2026-05-03T21:10:31+02:00
415	2026-05-03T21:10:00+02:00
416	2026-05-03T21:09:29+02:00
416	2026-05-03T21:08:59+02:00
417	2026-05-03T21:08:28+02:00
417	2026-05-03T21:07:57+02:00
415	2026-05-03T21:07:27+02:00
415	2026-05-03T21:06:56+02:00
413	2026-05-03T21:06:25+02:00
413	2026-05-03T21:05:55+02:00
413	2026-05-03T21:05:24+02:00
413	2026-05-03T21:04:53+02:00
411	2026-05-03T21:04:23+02:00
411	2026-05-03T21:03:52+02:00
420	2026-05-03T21:03:21+02:00
420	2026-05-03T21:02:51+02:00
420	2026-05-03T21:02:20+02:00
420	2026-05-03T21:01:49+02:00
419	2026-05-03T21:01:19+02:00
419	2026-05-03T21:00:48+02:00
420	2026-05-03T21:00:17+02:00
420	2026-05-03T20:59:47+02:00
422	2026-05-03T20:59:16+02:00
422	2026-05-03T20:58:45+02:00
422	2026-05-03T20:58:15+02:00
419	2026-05-03T20:57:44+02:00
419	2026-05-03T20:57:13+02:00
423	2026-05-03T20:56:43+02:00
423	2026-05-03T20:56:12+02:00
421	2026-05-03T20:55:41+02:00
421	2026-05-03T20:55:11+02:00
424	2026-05-03T20:54:40+02:00
424	2026-05-03T20:54:09+02:00
427	2026-05-03T20:53:39+02:00
427	2026-05-03T20:53:08+02:00
424	2026-05-03T20:52:37+02:00
424	2026-05-03T20:52:07+02:00
428	2026-05-03T20:51:36+02:00
428	2026-05-03T20:51:06+02:00
422	2026-05-03T20:50:35+02:00
422	2026-05-03T20:50:04+02:00
429	2026-05-03T20:49:34+02:00
429	2026-05-03T20:49:03+02:00
429	2026-05-03T20:48:32+02:00
429	2026-05-03T20:48:02+02:00
428	2026-05-03T20:47:31+02:00
428	2026-05-03T20:47:00+02:00
428	2026-05-03T20:46:30+02:00
428	2026-05-03T20:45:59+02:00
433	2026-05-03T20:45:28+02:00
433	2026-05-03T20:44:58+02:00
437	2026-05-03T20:44:27+02:00
437	2026-05-03T20:43:56+02:00
434	2026-05-03T20:43:26+02:00
434	2026-05-03T20:42:55+02:00
428	2026-05-03T20:42:24+02:00
428	2026-05-03T20:41:54+02:00
429	2026-05-03T20:41:23+02:00
429	2026-05-03T20:40:52+02:00
428	2026-05-03T20:40:22+02:00
428	2026-05-03T20:39:51+02:00
433	2026-05-03T20:39:21+02:00
433	2026-05-03T20:38:50+02:00
430	2026-05-03T20:38:19+02:00
430	2026-05-03T20:37:49+02:00
429	2026-05-03T20:37:18+02:00
429	2026-05-03T20:36:47+02:00
426	2026-05-03T20:36:17+02:00
426	2026-05-03T20:35:46+02:00
427	2026-05-03T20:35:15+02:00
427	2026-05-03T20:34:45+02:00
427	2026-05-03T20:34:14+02:00
427	2026-05-03T20:33:43+02:00
430	2026-05-03T20:33:13+02:00
430	2026-05-03T20:32:42+02:00
427	2026-05-03T20:32:11+02:00
427	2026-05-03T20:31:41+02:00
428	2026-05-03T20:31:10+02:00
428	2026-05-03T20:30:39+02:00
430	2026-05-03T20:30:09+02:00
430	2026-05-03T20:29:38+02:00
426	2026-05-03T20:29:07+02:00
426	2026-05-03T20:28:37+02:00
423	2026-05-03T20:28:06+02:00
423	2026-05-03T20:27:35+02:00
425	2026-05-03T20:27:05+02:00
425	2026-05-03T20:26:34+02:00
421	2026-05-03T20:26:03+02:00
421	2026-05-03T20:25:33+02:00
425	2026-05-03T20:25:02+02:00
425	2026-05-03T20:24:31+02:00
424	2026-05-03T20:24:01+02:00
424	2026-05-03T20:23:30+02:00
424	2026-05-03T20:22:59+02:00
424	2026-05-03T20:22:29+02:00
422	2026-05-03T20:21:58+02:00
422	2026-05-03T20:21:27+02:00
418	2026-05-03T20:20:57+02:00
414	2026-05-03T20:20:26+02:00
414	2026-05-03T20:19:55+02:00
412	2026-05-03T20:19:25+02:00
412	2026-05-03T20:18:54+02:00
411	2026-05-03T20:18:23+02:00
411	2026-05-03T20:17:53+02:00
410	2026-05-03T20:17:22+02:00
410	2026-05-03T20:16:51+02:00
405	2026-05-03T20:16:21+02:00
405	2026-05-03T20:15:50+02:00
407	2026-05-03T20:15:20+02:00
407	2026-05-03T20:14:49+02:00
403	2026-05-03T20:14:18+02:00
403	2026-05-03T20:13:48+02:00
401	2026-05-03T20:13:17+02:00
401	2026-05-03T20:12:46+02:00
399	2026-05-03T20:12:16+02:00
399	2026-05-03T20:11:45+02:00
399	2026-05-03T20:11:14+02:00
399	2026-05-03T20:10:44+02:00
398	2026-05-03T20:10:13+02:00
398	2026-05-03T20:09:42+02:00
398	2026-05-03T20:09:12+02:00
398	2026-05-03T20:08:41+02:00
396	2026-05-03T20:08:10+02:00
396	2026-05-03T20:07:40+02:00
391	2026-05-03T20:07:09+02:00
391	2026-05-03T20:06:38+02:00
390	2026-05-03T20:06:08+02:00
390	2026-05-03T20:05:37+02:00
392	2026-05-03T20:05:06+02:00
392	2026-05-03T20:04:36+02:00
392	2026-05-03T20:04:05+02:00
392	2026-05-03T20:03:34+02:00
393	2026-05-03T20:03:04+02:00
393	2026-05-03T20:02:33+02:00
391	2026-05-03T20:02:02+02:00
391	2026-05-03T20:01:32+02:00
393	2026-05-03T20:01:01+02:00
393	2026-05-03T20:00:30+02:00
388	2026-05-03T20:00:00+02:00
388	2026-05-03T19:59:29+02:00
386	2026-05-03T19:58:58+02:00
386	2026-05-03T19:58:28+02:00
389	2026-05-03T19:57:57+02:00
389	2026-05-03T19:57:26+02:00
386	2026-05-03T19:56:56+02:00
386	2026-05-03T19:56:25+02:00
384	2026-05-03T19:55:54+02:00
384	2026-05-03T19:55:24+02:00
383	2026-05-03T19:54:53+02:00
383	2026-05-03T19:54:22+02:00
382	2026-05-03T19:53:52+02:00
382	2026-05-03T19:53:21+02:00
382	2026-05-03T19:52:50+02:00
382	2026-05-03T19:52:20+02:00
381	2026-05-03T19:51:49+02:00
381	2026-05-03T19:51:19+02:00
381	2026-05-03T19:50:48+02:00
381	2026-05-03T19:50:17+02:00
379	2026-05-03T19:49:47+02:00
379	2026-05-03T19:49:16+02:00
373	2026-05-03T19:48:45+02:00
373	2026-05-03T19:48:15+02:00
372	2026-05-03T19:47:44+02:00
372	2026-05-03T19:47:13+02:00
368	2026-05-03T19:46:43+02:00
366	2026-05-03T19:46:12+02:00
366	2026-05-03T19:45:41+02:00
370	2026-05-03T19:45:11+02:00
370	2026-05-03T19:44:40+02:00
374	2026-05-03T19:44:09+02:00
374	2026-05-03T19:43:39+02:00
364	2026-05-03T19:43:08+02:00
364	2026-05-03T19:42:37+02:00
362	2026-05-03T19:42:07+02:00
362	2026-05-03T19:41:36+02:00
368	2026-05-03T19:41:05+02:00
368	2026-05-03T19:40:35+02:00
372	2026-05-03T19:40:04+02:00
372	2026-05-03T19:39:33+02:00
376	2026-05-03T19:39:03+02:00
376	2026-05-03T19:38:32+02:00
369	2026-05-03T19:38:01+02:00
369	2026-05-03T19:37:31+02:00
367	2026-05-03T19:37:00+02:00
367	2026-05-03T19:36:29+02:00
364	2026-05-03T19:35:59+02:00
364	2026-05-03T19:35:28+02:00
363	2026-05-03T19:34:58+02:00
363	2026-05-03T19:34:27+02:00
370	2026-05-03T19:33:56+02:00
370	2026-05-03T19:33:26+02:00
371	2026-05-03T19:32:55+02:00
371	2026-05-03T19:32:24+02:00
368	2026-05-03T19:31:54+02:00
368	2026-05-03T19:31:23+02:00
370	2026-05-03T19:30:52+02:00
370	2026-05-03T19:30:22+02:00
370	2026-05-03T19:29:51+02:00
370	2026-05-03T19:29:20+02:00
380	2026-05-03T19:28:50+02:00
380	2026-05-03T19:28:19+02:00
377	2026-05-03T19:27:48+02:00
377	2026-05-03T19:27:18+02:00
378	2026-05-03T19:26:47+02:00
378	2026-05-03T19:26:16+02:00
375	2026-05-03T19:25:46+02:00
375	2026-05-03T19:25:15+02:00
372	2026-05-03T19:24:44+02:00
372	2026-05-03T19:24:14+02:00
372	2026-05-03T19:23:43+02:00
372	2026-05-03T19:23:12+02:00
375	2026-05-03T19:22:42+02:00
375	2026-05-03T19:22:11+02:00
375	2026-05-03T19:21:40+02:00
375	2026-05-03T19:21:10+02:00
372	2026-05-03T19:20:39+02:00
372	2026-05-03T19:20:08+02:00
377	2026-05-03T19:19:38+02:00
377	2026-05-03T19:19:07+02:00
380	2026-05-03T19:18:36+02:00
380	2026-05-03T19:18:06+02:00
378	2026-05-03T19:17:35+02:00
378	2026-05-03T19:17:04+02:00
379	2026-05-03T19:16:34+02:00
379	2026-05-03T19:16:03+02:00
381	2026-05-03T19:15:32+02:00
381	2026-05-03T19:15:02+02:00
384	2026-05-03T19:14:31+02:00
384	2026-05-03T19:14:00+02:00
384	2026-05-03T19:13:30+02:00
384	2026-05-03T19:12:59+02:00
379	2026-05-03T19:12:28+02:00
379	2026-05-03T19:11:58+02:00
379	2026-05-03T19:11:27+02:00
379	2026-05-03T19:10:56+02:00
374	2026-05-03T19:10:26+02:00
374	2026-05-03T19:09:55+02:00
373	2026-05-03T19:09:24+02:00
373	2026-05-03T19:08:54+02:00
368	2026-05-03T19:08:23+02:00
368	2026-05-03T19:07:52+02:00
371	2026-05-03T19:07:22+02:00
371	2026-05-03T19:06:51+02:00
373	2026-05-03T19:06:20+02:00
373	2026-05-03T19:05:50+02:00
377	2026-05-03T19:05:19+02:00
377	2026-05-03T19:04:48+02:00
373	2026-05-03T19:04:18+02:00
373	2026-05-03T19:03:47+02:00
376	2026-05-03T19:03:17+02:00
376	2026-05-03T19:02:46+02:00
376	2026-05-03T19:02:15+02:00
376	2026-05-03T19:01:44+02:00
374	2026-05-03T19:01:14+02:00
374	2026-05-03T19:00:43+02:00
373	2026-05-03T19:00:12+02:00
373	2026-05-03T18:59:42+02:00
0	2026-05-03T18:59:11+02:00
0	2026-05-03T18:58:41+02:00
371	2026-05-03T18:58:07+02:00
480	2026-05-02T20:59:35+02:00
480	2026-05-02T20:59:05+02:00
480	2026-05-02T20:58:35+02:00
481	2026-05-02T20:58:04+02:00
481	2026-05-02T20:57:34+02:00
479	2026-05-02T20:57:04+02:00
479	2026-05-02T20:56:34+02:00
482	2026-05-02T20:56:03+02:00
482	2026-05-02T20:55:33+02:00
480	2026-05-02T20:55:03+02:00
480	2026-05-02T20:54:33+02:00
478	2026-05-02T20:54:02+02:00
478	2026-05-02T20:53:32+02:00
476	2026-05-02T20:53:02+02:00
476	2026-05-02T20:52:32+02:00
475	2026-05-02T20:52:02+02:00
475	2026-05-02T20:51:31+02:00
473	2026-05-02T20:51:01+02:00
473	2026-05-02T20:50:31+02:00
474	2026-05-02T20:50:01+02:00
474	2026-05-02T20:49:31+02:00
472	2026-05-02T20:49:00+02:00
472	2026-05-02T20:48:30+02:00
469	2026-05-02T20:48:00+02:00
469	2026-05-02T20:47:30+02:00
468	2026-05-02T20:46:59+02:00
468	2026-05-02T20:46:29+02:00
464	2026-05-02T20:45:59+02:00
464	2026-05-02T20:45:29+02:00
467	2026-05-02T20:44:58+02:00
467	2026-05-02T20:44:28+02:00
468	2026-05-02T20:43:58+02:00
468	2026-05-02T20:43:28+02:00
472	2026-05-02T20:42:57+02:00
472	2026-05-02T20:42:27+02:00
479	2026-05-02T20:41:57+02:00
479	2026-05-02T20:41:27+02:00
482	2026-05-02T20:40:56+02:00
482	2026-05-02T20:40:26+02:00
479	2026-05-02T20:39:56+02:00
479	2026-05-02T20:39:26+02:00
478	2026-05-02T20:38:56+02:00
478	2026-05-02T20:38:25+02:00
478	2026-05-02T20:37:55+02:00
476	2026-05-02T20:37:25+02:00
476	2026-05-02T20:36:55+02:00
477	2026-05-02T20:36:24+02:00
477	2026-05-02T20:35:54+02:00
471	2026-05-02T20:35:24+02:00
471	2026-05-02T20:34:54+02:00
472	2026-05-02T20:34:24+02:00
472	2026-05-02T20:33:53+02:00
472	2026-05-02T20:33:23+02:00
472	2026-05-02T20:32:53+02:00
469	2026-05-02T20:32:23+02:00
469	2026-05-02T20:31:52+02:00
468	2026-05-02T20:31:22+02:00
468	2026-05-02T20:30:52+02:00
467	2026-05-02T20:30:22+02:00
467	2026-05-02T20:29:51+02:00
464	2026-05-02T20:29:21+02:00
464	2026-05-02T20:28:51+02:00
461	2026-05-02T20:28:21+02:00
461	2026-05-02T20:27:50+02:00
454	2026-05-02T20:27:20+02:00
454	2026-05-02T20:26:50+02:00
472	2026-05-02T20:26:20+02:00
472	2026-05-02T20:25:49+02:00
468	2026-05-02T20:25:19+02:00
468	2026-05-02T20:24:49+02:00
478	2026-05-02T20:24:19+02:00
478	2026-05-02T20:23:49+02:00
475	2026-05-02T20:23:18+02:00
475	2026-05-02T20:22:48+02:00
489	2026-05-02T20:22:18+02:00
489	2026-05-02T20:21:48+02:00
490	2026-05-02T20:21:17+02:00
490	2026-05-02T20:20:47+02:00
484	2026-05-02T20:20:17+02:00
484	2026-05-02T20:19:47+02:00
480	2026-05-02T20:19:16+02:00
480	2026-05-02T20:18:46+02:00
479	2026-05-02T20:18:16+02:00
479	2026-05-02T20:17:46+02:00
483	2026-05-02T20:17:16+02:00
483	2026-05-02T20:16:45+02:00
487	2026-05-02T20:16:15+02:00
487	2026-05-02T20:15:45+02:00
488	2026-05-02T20:15:15+02:00
488	2026-05-02T20:14:44+02:00
483	2026-05-02T20:14:14+02:00
483	2026-05-02T20:13:44+02:00
488	2026-05-02T20:13:14+02:00
488	2026-05-02T20:12:43+02:00
486	2026-05-02T20:12:13+02:00
486	2026-05-02T20:11:43+02:00
484	2026-05-02T20:11:13+02:00
484	2026-05-02T20:10:43+02:00
476	2026-05-02T20:10:12+02:00
476	2026-05-02T20:09:42+02:00
476	2026-05-02T20:09:12+02:00
476	2026-05-02T20:08:42+02:00
484	2026-05-02T20:08:11+02:00
484	2026-05-02T20:07:41+02:00
488	2026-05-02T20:07:11+02:00
488	2026-05-02T20:06:41+02:00
489	2026-05-02T20:06:10+02:00
489	2026-05-02T20:05:40+02:00
490	2026-05-02T20:05:10+02:00
490	2026-05-02T20:04:40+02:00
487	2026-05-02T20:04:10+02:00
487	2026-05-02T20:03:39+02:00
485	2026-05-02T20:03:09+02:00
485	2026-05-02T20:02:39+02:00
488	2026-05-02T20:02:09+02:00
488	2026-05-02T20:01:38+02:00
487	2026-05-02T20:01:08+02:00
487	2026-05-02T20:00:38+02:00
484	2026-05-02T20:00:08+02:00
484	2026-05-02T19:59:37+02:00
484	2026-05-02T19:59:07+02:00
484	2026-05-02T19:58:37+02:00
476	2026-05-02T19:58:07+02:00
476	2026-05-02T19:57:37+02:00
476	2026-05-02T19:57:06+02:00
470	2026-05-02T19:56:36+02:00
470	2026-05-02T19:56:06+02:00
464	2026-05-02T19:55:36+02:00
464	2026-05-02T19:55:05+02:00
465	2026-05-02T19:54:35+02:00
465	2026-05-02T19:54:05+02:00
461	2026-05-02T19:53:35+02:00
461	2026-05-02T19:53:05+02:00
453	2026-05-02T19:52:34+02:00
453	2026-05-02T19:52:04+02:00
444	2026-05-02T19:51:34+02:00
444	2026-05-02T19:51:04+02:00
433	2026-05-02T19:50:33+02:00
433	2026-05-02T19:50:03+02:00
434	2026-05-02T19:49:33+02:00
434	2026-05-02T19:49:03+02:00
432	2026-05-02T19:48:33+02:00
432	2026-05-02T19:48:02+02:00
434	2026-05-02T19:47:32+02:00
434	2026-05-02T19:47:02+02:00
428	2026-05-02T19:46:32+02:00
428	2026-05-02T19:46:01+02:00
425	2026-05-02T19:45:31+02:00
425	2026-05-02T19:45:01+02:00
414	2026-05-02T19:44:31+02:00
414	2026-05-02T19:44:00+02:00
421	2026-05-02T19:43:30+02:00
421	2026-05-02T19:43:00+02:00
425	2026-05-02T19:42:30+02:00
425	2026-05-02T19:42:00+02:00
434	2026-05-02T19:41:29+02:00
434	2026-05-02T19:40:59+02:00
437	2026-05-02T19:40:29+02:00
437	2026-05-02T19:39:59+02:00
432	2026-05-02T19:39:28+02:00
432	2026-05-02T19:38:58+02:00
429	2026-05-02T19:38:28+02:00
429	2026-05-02T19:37:58+02:00
421	2026-05-02T19:37:28+02:00
421	2026-05-02T19:36:57+02:00
413	2026-05-02T19:36:27+02:00
413	2026-05-02T19:35:57+02:00
410	2026-05-02T19:35:27+02:00
410	2026-05-02T19:34:56+02:00
408	2026-05-02T19:34:26+02:00
408	2026-05-02T19:33:56+02:00
406	2026-05-02T19:33:26+02:00
406	2026-05-02T19:32:56+02:00
406	2026-05-02T19:32:25+02:00
406	2026-05-02T19:31:55+02:00
402	2026-05-02T19:31:25+02:00
402	2026-05-02T19:30:55+02:00
403	2026-05-02T19:30:24+02:00
403	2026-05-02T19:29:54+02:00
396	2026-05-02T19:29:24+02:00
396	2026-05-02T19:28:54+02:00
398	2026-05-02T19:28:24+02:00
398	2026-05-02T19:27:53+02:00
404	2026-05-02T19:27:23+02:00
404	2026-05-02T19:26:53+02:00
409	2026-05-02T19:26:23+02:00
409	2026-05-02T19:25:52+02:00
413	2026-05-02T19:25:22+02:00
413	2026-05-02T19:24:52+02:00
411	2026-05-02T19:24:22+02:00
411	2026-05-02T19:23:51+02:00
414	2026-05-02T19:23:21+02:00
414	2026-05-02T19:22:51+02:00
408	2026-05-02T19:22:21+02:00
408	2026-05-02T19:21:50+02:00
412	2026-05-02T19:21:20+02:00
412	2026-05-02T19:20:50+02:00
407	2026-05-02T19:20:20+02:00
407	2026-05-02T19:19:49+02:00
406	2026-05-02T19:19:19+02:00
406	2026-05-02T19:18:49+02:00
410	2026-05-02T19:18:19+02:00
410	2026-05-02T19:17:48+02:00
414	2026-05-02T19:17:18+02:00
414	2026-05-02T19:16:48+02:00
413	2026-05-02T19:16:18+02:00
413	2026-05-02T19:15:48+02:00
409	2026-05-02T19:15:17+02:00
409	2026-05-02T19:14:47+02:00
401	2026-05-02T19:14:17+02:00
401	2026-05-02T19:13:47+02:00
415	2026-05-02T19:13:16+02:00
415	2026-05-02T19:12:46+02:00
417	2026-05-02T19:12:16+02:00
417	2026-05-02T19:11:46+02:00
416	2026-05-02T19:11:15+02:00
416	2026-05-02T19:10:45+02:00
414	2026-05-02T19:10:15+02:00
414	2026-05-02T19:09:45+02:00
414	2026-05-02T19:09:15+02:00
414	2026-05-02T19:08:44+02:00
412	2026-05-02T19:08:14+02:00
412	2026-05-02T19:07:44+02:00
419	2026-05-02T19:07:14+02:00
419	2026-05-02T19:06:44+02:00
416	2026-05-02T19:06:13+02:00
416	2026-05-02T19:05:43+02:00
420	2026-05-02T19:05:13+02:00
420	2026-05-02T19:04:43+02:00
416	2026-05-02T19:04:12+02:00
416	2026-05-02T19:03:42+02:00
415	2026-05-02T19:03:12+02:00
415	2026-05-02T19:02:42+02:00
415	2026-05-02T19:02:11+02:00
415	2026-05-02T19:01:41+02:00
414	2026-05-02T19:01:11+02:00
414	2026-05-02T19:00:41+02:00
411	2026-05-02T19:00:10+02:00
411	2026-05-02T18:59:40+02:00
410	2026-05-02T18:59:10+02:00
410	2026-05-02T18:58:40+02:00
409	2026-05-02T18:58:10+02:00
409	2026-05-02T18:57:39+02:00
407	2026-05-02T18:57:09+02:00
407	2026-05-02T18:56:39+02:00
405	2026-05-02T18:56:09+02:00
405	2026-05-02T18:55:38+02:00
405	2026-05-02T18:55:08+02:00
405	2026-05-02T18:54:38+02:00
404	2026-05-02T18:54:08+02:00
404	2026-05-02T18:53:38+02:00
405	2026-05-02T18:53:07+02:00
405	2026-05-02T18:52:37+02:00
405	2026-05-02T18:52:07+02:00
405	2026-05-02T18:51:37+02:00
407	2026-05-02T18:51:06+02:00
407	2026-05-02T18:50:36+02:00
406	2026-05-02T18:50:06+02:00
406	2026-05-02T18:49:36+02:00
403	2026-05-02T18:49:05+02:00
403	2026-05-02T18:48:35+02:00
402	2026-05-02T18:48:05+02:00
402	2026-05-02T18:47:35+02:00
403	2026-05-02T18:47:04+02:00
403	2026-05-02T18:46:34+02:00
399	2026-05-02T18:46:04+02:00
399	2026-05-02T18:45:34+02:00
403	2026-05-02T18:45:04+02:00
403	2026-05-02T18:44:33+02:00
406	2026-05-02T18:44:03+02:00
406	2026-05-02T18:43:33+02:00
403	2026-05-02T18:43:03+02:00
403	2026-05-02T18:42:32+02:00
401	2026-05-02T18:42:02+02:00
401	2026-05-02T18:41:32+02:00
399	2026-05-02T18:41:02+02:00
399	2026-05-02T18:40:31+02:00
403	2026-05-02T18:40:01+02:00
403	2026-05-02T18:39:31+02:00
402	2026-05-02T18:39:01+02:00
402	2026-05-02T18:38:31+02:00
402	2026-05-02T18:38:00+02:00
402	2026-05-02T18:37:30+02:00
399	2026-05-02T18:37:00+02:00
399	2026-05-02T18:36:30+02:00
400	2026-05-02T18:35:59+02:00
400	2026-05-02T18:35:29+02:00
402	2026-05-02T18:34:59+02:00
402	2026-05-02T18:34:29+02:00
404	2026-05-02T18:33:59+02:00
404	2026-05-02T18:33:28+02:00
407	2026-05-02T18:32:58+02:00
407	2026-05-02T18:32:28+02:00
405	2026-05-02T18:31:58+02:00
405	2026-05-02T18:31:28+02:00
406	2026-05-02T18:30:57+02:00
406	2026-05-02T18:30:27+02:00
409	2026-05-02T18:29:57+02:00
409	2026-05-02T18:29:27+02:00
406	2026-05-02T18:28:56+02:00
406	2026-05-02T18:28:26+02:00
403	2026-05-02T18:27:56+02:00
403	2026-05-02T18:27:26+02:00
403	2026-05-02T18:26:55+02:00
403	2026-05-02T18:26:25+02:00
401	2026-05-02T18:25:55+02:00
401	2026-05-02T18:25:25+02:00
393	2026-05-02T18:24:55+02:00
393	2026-05-02T18:24:24+02:00
400	2026-05-02T18:23:54+02:00
400	2026-05-02T18:23:24+02:00
399	2026-05-02T18:22:54+02:00
399	2026-05-02T18:22:23+02:00
398	2026-05-02T18:21:53+02:00
398	2026-05-02T18:21:23+02:00
391	2026-05-02T18:20:53+02:00
391	2026-05-02T18:20:23+02:00
395	2026-05-02T18:19:52+02:00
395	2026-05-02T18:19:22+02:00
401	2026-05-02T18:18:52+02:00
401	2026-05-02T18:18:22+02:00
402	2026-05-02T18:17:51+02:00
402	2026-05-02T18:17:21+02:00
404	2026-05-02T18:16:51+02:00
404	2026-05-02T18:16:21+02:00
393	2026-05-02T18:15:51+02:00
393	2026-05-02T18:15:20+02:00
397	2026-05-02T18:14:50+02:00
397	2026-05-02T18:14:20+02:00
396	2026-05-02T18:13:50+02:00
396	2026-05-02T18:13:19+02:00
397	2026-05-02T18:12:49+02:00
397	2026-05-02T18:12:19+02:00
398	2026-05-02T18:11:49+02:00
398	2026-05-02T18:11:18+02:00
401	2026-05-02T18:10:48+02:00
401	2026-05-02T18:10:18+02:00
404	2026-05-02T18:09:48+02:00
404	2026-05-02T18:09:18+02:00
408	2026-05-02T18:08:47+02:00
408	2026-05-02T18:08:17+02:00
411	2026-05-02T18:07:47+02:00
411	2026-05-02T18:07:17+02:00
410	2026-05-02T18:06:46+02:00
410	2026-05-02T18:06:16+02:00
410	2026-05-02T18:05:46+02:00
410	2026-05-02T18:05:16+02:00
413	2026-05-02T18:04:46+02:00
413	2026-05-02T18:04:15+02:00
407	2026-05-02T18:03:45+02:00
407	2026-05-02T18:03:15+02:00
406	2026-05-02T18:02:45+02:00
406	2026-05-02T18:02:14+02:00
409	2026-05-02T18:01:44+02:00
409	2026-05-02T18:01:14+02:00
415	2026-05-02T18:00:44+02:00
415	2026-05-02T18:00:13+02:00
415	2026-05-02T17:59:43+02:00
415	2026-05-02T17:59:13+02:00
414	2026-05-02T17:58:43+02:00
414	2026-05-02T17:58:13+02:00
418	2026-05-02T17:57:42+02:00
418	2026-05-02T17:57:12+02:00
418	2026-05-02T17:56:42+02:00
418	2026-05-02T17:56:12+02:00
414	2026-05-02T17:55:41+02:00
414	2026-05-02T17:55:11+02:00
416	2026-05-02T17:54:41+02:00
416	2026-05-02T17:54:11+02:00
410	2026-05-02T17:53:41+02:00
410	2026-05-02T17:53:10+02:00
410	2026-05-02T17:52:40+02:00
410	2026-05-02T17:52:10+02:00
404	2026-05-02T17:51:40+02:00
404	2026-05-02T17:51:09+02:00
411	2026-05-02T17:50:39+02:00
411	2026-05-02T17:50:09+02:00
412	2026-05-02T17:49:39+02:00
412	2026-05-02T17:49:09+02:00
410	2026-05-02T17:48:38+02:00
410	2026-05-02T17:48:08+02:00
411	2026-05-02T17:47:38+02:00
411	2026-05-02T17:47:08+02:00
404	2026-05-02T17:46:37+02:00
404	2026-05-02T17:46:07+02:00
403	2026-05-02T17:45:37+02:00
403	2026-05-02T17:45:07+02:00
403	2026-05-02T17:44:37+02:00
403	2026-05-02T17:44:06+02:00
401	2026-05-02T17:43:36+02:00
401	2026-05-02T17:43:06+02:00
398	2026-05-02T17:42:36+02:00
398	2026-05-02T17:42:05+02:00
401	2026-05-02T17:41:35+02:00
401	2026-05-02T17:41:05+02:00
397	2026-05-02T17:40:35+02:00
397	2026-05-02T17:40:04+02:00
395	2026-05-02T17:39:34+02:00
395	2026-05-02T17:39:04+02:00
